<code_scheme name="Default" version="173">
  <Objective-C-extensions>
    <file>
      <option name="com.jetbrains.cidr.lang.util.OCDeclarationKind" value="Import" />
      <option name="com.jetbrains.cidr.lang.util.OCDeclarationKind" value="Macro" />
      <option name="com.jetbrains.cidr.lang.util.OCDeclarationKind" value="Typedef" />
      <option name="com.jetbrains.cidr.lang.util.OCDeclarationKind" value="Enum" />
      <option name="com.jetbrains.cidr.lang.util.OCDeclarationKind" value="Constant" />
      <option name="com.jetbrains.cidr.lang.util.OCDeclarationKind" value="Global" />
      <option name="com.jetbrains.cidr.lang.util.OCDeclarationKind" value="Struct" />
      <option name="com.jetbrains.cidr.lang.util.OCDeclarationKind" value="ClassPredef" />
      <option name="com.jetbrains.cidr.lang.util.OCDeclarationKind" value="FunctionPredecl" />
      <option name="com.jetbrains.cidr.lang.util.OCDeclarationKind" value="Function" />
      <option name="com.jetbrains.cidr.lang.util.OCDeclarationKind" value="Class" />
    </file>
    <class>
      <option name="com.jetbrains.cidr.lang.util.OCDeclarationKind" value="Property" />
      <option name="com.jetbrains.cidr.lang.util.OCDeclarationKind" value="Synthesize" />
      <option name="com.jetbrains.cidr.lang.util.OCDeclarationKind" value="InitMethod" />
      <option name="com.jetbrains.cidr.lang.util.OCDeclarationKind" value="StaticMethod" />
      <option name="com.jetbrains.cidr.lang.util.OCDeclarationKind" value="InstanceMethod" />
      <option name="com.jetbrains.cidr.lang.util.OCDeclarationKind" value="DeallocMethod" />
    </class>
    <extensions>
      <pair source="mm" header="h" fileNamingConvention="NONE" />
      <pair source="cpp" header="h" fileNamingConvention="NONE" />
      <pair source="c" header="h" fileNamingConvention="NONE" />
    </extensions>
  </Objective-C-extensions>
  <codeStyleSettings language="Swift">
    <indentOptions>
      <option name="CONTINUATION_INDENT_SIZE" value="4" />
    </indentOptions>
  </codeStyleSettings>
</code_scheme>