<application>
  <component name="OCRunConfigurationsSettings">
    <option name="STOP_RUNNING_SESSION_AUTOMATICALLY" value="true" />
  </component>
  <component name="PropertiesComponent">
    <property name="CommitChangeListDialog.DETAILS_SPLITTER_PROPORTION_2" value="0.63450295" />
    <property name="DeploymentNotificationsComponent.WarnDisplayed.Java7&amp;Windows7FTPIssue" value="false" />
    <property name="ExpandBeforeRunStepsPanel" value="true" />
    <property name="ExpandRunDashboardTypesPanel" value="false" />
    <property name="FileTemplates.SelectedTemplate" value="HTML File" />
    <property name="KEYMAP" value="vim&#10;↓&#10;license&#10;Go to line&#10;Go to" />
    <property name="NewXcodeProject.Left" value="iOS.Framework &amp; Library" />
    <property name="NewXcodeProject.Right" value="Cocoa Touch Framework" />
    <property name="PLUGIN_FILTER" value="acejump&#10;switch" />
    <property name="SearchEveryWhereHistory" value="{&#10;YesOrNoPopupDependency&#10;initializeCash&#10;// LOG: Set&#10;S" />
    <property name="SettingsSearchHistory" value="license" />
    <property name="ShowDocumentationInToolWindow" value="true" />
    <property name="evlsprt3.173" value="11" />
    <property name="evlsprt3.183" value="18" />
    <property name="file.gist.reindex.count" value="1041" />
    <property name="ideavim.statistics.timestamp" value="1555292752001" />
    <property name="lastTip" value="3" />
    <property name="selected.color.option.type" value="SWIFT_KEYWORD" />
    <property name="ts.lib.d.ts.version" value="3.2.1" />
  </component>
  <component name="XcodeSettings">
    <option name="selectedXcode" value="/Applications/Xcode10.app/Contents/Developer" />
    <option name="detectedXcodes">
      <list>
        <option value="/Applications/Xcode10.app/Contents/Developer" />
      </list>
    </option>
  </component>
</application>