<application>
  <component name="VimSettings">
    <state version="4" enabled="true" />
    <globalmarks />
    <filemarks>
      <file name="$USER_HOME$/workspace/cash-ios/cash/ViewControllers/Settings/SettingsViewController.swift" timestamp="1552286162164">
        <mark key="'" line="0" column="0" />
        <mark key="[" line="143" column="12" />
        <mark key="]" line="143" column="11" />
        <mark key="." line="143" column="11" />
        <mark key="^" line="143" column="11" />
      </file>
      <file name="$USER_HOME$/workspace/cash-ios/cash/Realm/Product.swift" timestamp="1554889070576">
        <mark key="'" line="74" column="8" />
      </file>
      <file name="$USER_HOME$/workspace/cash-ios-temp/Model/StoreShipping/StoreShipping.swift" timestamp="1554283220441">
        <mark key="[" line="34" column="4" />
        <mark key="]" line="34" column="3" />
        <mark key="." line="34" column="3" />
        <mark key="^" line="34" column="3" />
      </file>
      <file name="$USER_HOME$/workspace/cash-ios/cash/ViewControllers/Transfer/TransferViewController.swift" timestamp="1555317594109">
        <mark key="'" line="83" column="51" />
        <mark key="[" line="93" column="0" />
        <mark key="]" line="93" column="0" />
        <mark key="^" line="88" column="20" />
        <mark key="." line="93" column="0" />
      </file>
      <file name="$USER_HOME$/workspace/cash-ios/cash/Data/API/CashService/CashableEntity.swift" timestamp="1528103087914">
        <mark key="'" line="100" column="4" />
      </file>
      <file name="$USER_HOME$/workspace/cash-ios/cash/Data/API/CashService/CashService.swift" timestamp="1528124939347">
        <mark key="'" line="78" column="0" />
      </file>
      <file name="$USER_HOME$/workspace/cash-ios/cash/ViewControllers/CashItemRequest/CashItemRequestIntroductionCoordinator.swift" timestamp="1554875080602">
        <mark key="'" line="14" column="4" />
        <mark key="[" line="21" column="12" />
        <mark key="]" line="21" column="11" />
        <mark key="^" line="21" column="11" />
        <mark key="." line="21" column="11" />
      </file>
      <file name="$USER_HOME$/workspace/cash-ios-temp/cash/ViewControllers/Cash/CashViewController.swift" timestamp="1554088282450">
        <mark key="'" line="29" column="8" />
        <mark key="[" line="374" column="0" />
        <mark key="]" line="374" column="0" />
        <mark key="^" line="372" column="27" />
        <mark key="." line="374" column="0" />
      </file>
      <file name="$USER_HOME$/workspace/cash-ios-temp/cash/ViewModels/Cash/CashViewModel.swift" timestamp="1554088262851">
        <mark key="'" line="91" column="4" />
        <mark key="[" line="253" column="16" />
        <mark key="]" line="253" column="15" />
        <mark key="^" line="253" column="15" />
        <mark key="." line="253" column="15" />
      </file>
      <file name="$USER_HOME$/workspace/cash-ios/cash/ViewControllers/BuyingPrice/BuyingPriceCoordinator.swift" timestamp="1554875185321">
        <mark key="[" line="21" column="84" />
        <mark key="]" line="21" column="11" />
        <mark key="." line="21" column="11" />
        <mark key="^" line="21" column="11" />
      </file>
      <file name="$USER_HOME$/workspace/cash-ios/cash/ViewModels/Notification/NotificationRatingViewModel.swift" timestamp="1554874960606">
        <mark key="[" line="31" column="0" />
        <mark key="]" line="31" column="0" />
        <mark key="." line="31" column="0" />
      </file>
      <file name="$USER_HOME$/workspace/cash-ios/cash/ViewControllers/QRCodeViewer/QRCodeViewerConfigurator.swift" timestamp="1554873393492">
        <mark key="[" line="13" column="0" />
        <mark key="]" line="13" column="0" />
        <mark key="." line="13" column="0" />
      </file>
      <file name="$USER_HOME$/workspace/cash-ios/cash/ViewControllers/Activity/ActivityListCoordinator.swift" timestamp="1554802857150">
        <mark key="[" line="9" column="0" />
        <mark key="]" line="9" column="0" />
        <mark key="." line="9" column="0" />
      </file>
      <file name="$USER_HOME$/workspace/cash-ios/cash/Data/API/CashApi/Plugins/ReloadUserPlugin.swift" timestamp="1554968840365">
        <mark key="[" line="22" column="0" />
        <mark key="]" line="22" column="0" />
        <mark key="." line="22" column="0" />
        <mark key="^" line="21" column="7" />
      </file>
      <file name="$USER_HOME$/workspace/cash-ios-temp/Extension/Loggable.swift" timestamp="1552898846079">
        <mark key="'" line="98" column="32" />
      </file>
      <file name="$USER_HOME$/workspace/cash-ios-temp/cash/Views/Activity/ActivityPickupButton.swift" timestamp="1554692295958">
        <mark key="[" line="28" column="0" />
        <mark key="]" line="28" column="55" />
      </file>
      <file name="$USER_HOME$/workspace/cash-ios-temp/cash/Models/Cash/BusinessCardCash.swift" timestamp="1554087948121">
        <mark key="'" line="52" column="8" />
        <mark key="[" line="152" column="5" />
        <mark key="]" line="152" column="4" />
        <mark key="^" line="152" column="4" />
        <mark key="." line="152" column="4" />
      </file>
      <file name="$USER_HOME$/workspace/cash-ios/cash/Realm/Bank.swift" timestamp="1527240591748">
        <mark key="'" line="89" column="4" />
        <mark key="[" line="88" column="43" />
        <mark key="]" line="88" column="63" />
        <mark key="." line="88" column="63" />
        <mark key="^" line="88" column="63" />
      </file>
      <file name="$USER_HOME$/workspace/rngen/Sources/rngen/JSONDecoder+.swift" timestamp="1552651407979">
        <mark key="[" line="6" column="0" />
        <mark key="]" line="12" column="0" />
        <mark key="^" line="12" column="0" />
        <mark key="." line="7" column="4" />
      </file>
      <file name="$USER_HOME$/workspace/cash-ios/cash/Components/PopUp/SimpleNoticeBoard.swift" timestamp="1528955521358">
        <mark key="'" line="69" column="32" />
      </file>
      <file name="$USER_HOME$/workspace/cash-ios/cash/ViewModels/Activity/ActivityListViewModel.swift" timestamp="1554791195658">
        <mark key="[" line="333" column="0" />
        <mark key="]" line="333" column="0" />
        <mark key="." line="333" column="0" />
      </file>
      <file name="$USER_HOME$/workspace/cash-ios-temp/cash/AppDelegate.swift" timestamp="1554706059546">
        <mark key="'" line="168" column="7" />
      </file>
      <file name="$USER_HOME$/workspace/cash-ios-temp/cash/Data/API/CashApi/CashApi.swift" timestamp="1554082242155">
        <mark key="'" line="0" column="0" />
        <mark key="[" line="36" column="16" />
        <mark key="]" line="36" column="16" />
        <mark key="^" line="45" column="11" />
        <mark key="." line="36" column="16" />
      </file>
      <file name="$USER_HOME$/workspace/cash-ios/cash/ViewControllers/Category/CategoryViewController.swift" timestamp="1527071216588">
        <mark key="'" line="77" column="38" />
      </file>
      <file name="$USER_HOME$/workspace/cash-ios-temp/cash/ViewControllers/Pickup/PickupChange/PickupChangeViewController.swift" timestamp="1554102803622">
        <mark key="'" line="216" column="21" />
        <mark key="[" line="216" column="77" />
        <mark key="]" line="216" column="59" />
        <mark key="." line="216" column="59" />
        <mark key="^" line="216" column="59" />
      </file>
      <file name="$USER_HOME$/workspace/cash-ios-temp/cash/Views/Pickup/PickupDataSource.swift" timestamp="1553819441655">
        <mark key="[" line="54" column="106" />
        <mark key="]" line="54" column="127" />
        <mark key="^" line="53" column="94" />
        <mark key="." line="54" column="106" />
      </file>
      <file name="$USER_HOME$/workspace/cash-ios-temp/cash/ViewModels/Notification/NotificationViewModel.swift" timestamp="1554689543184">
        <mark key="'" line="173" column="3" />
      </file>
      <file name="$USER_HOME$/workspace/cash-ios/cash/ViewModels/Repayment/RepaymentActivityListViewModel.swift" timestamp="1554875749275">
        <mark key="[" line="14" column="4" />
        <mark key="]" line="14" column="4" />
        <mark key="." line="14" column="4" />
        <mark key="^" line="13" column="3" />
      </file>
      <file name="$USER_HOME$/workspace/cash-ios/cash/Data/API/CashApi/Services/AddressService/AddressService.swift" timestamp="1555296044845">
        <mark key="'" line="22" column="93" />
        <mark key="[" line="22" column="72" />
        <mark key="]" line="22" column="7" />
        <mark key="^" line="22" column="7" />
        <mark key="." line="22" column="7" />
      </file>
      <file name="$USER_HOME$/workspace/cash-ios/cash/Models/SelfShipping.swift" timestamp="1528105855311">
        <mark key="'" line="32" column="3" />
        <mark key="[" line="34" column="30" />
        <mark key="]" line="34" column="27" />
        <mark key="^" line="34" column="27" />
        <mark key="." line="34" column="27" />
      </file>
      <file name="$USER_HOME$/workspace/cash-ios-temp/Extension/NSMutableAttributedStringExtensions.swift" timestamp="1552896383820">
        <mark key="'" line="55" column="120" />
      </file>
      <file name="$USER_HOME$/workspace/cash-ios/cash/Views/Camera/CameraFooterView.swift" timestamp="1531373830815">
        <mark key="'" line="18" column="3" />
        <mark key="[" line="30" column="0" />
        <mark key="]" line="30" column="0" />
        <mark key="." line="30" column="0" />
        <mark key="^" line="11" column="48" />
      </file>
      <file name="$USER_HOME$/workspace/rngen/Sources/rngen/Model/Article.swift" timestamp="1552960037931">
        <mark key="[" line="25" column="28" />
        <mark key="]" line="25" column="34" />
        <mark key="^" line="25" column="34" />
        <mark key="." line="25" column="34" />
      </file>
      <file name="$USER_HOME$/workspace/cash-ios-temp/cash/ViewControllers/Pickup/DeliveryOptionSelection/DeliveryOptionCoordinator.swift" timestamp="1553837399210">
        <mark key="[" line="24" column="0" />
        <mark key="]" line="24" column="0" />
        <mark key="^" line="20" column="17" />
        <mark key="." line="24" column="0" />
      </file>
      <file name="$USER_HOME$/workspace/cash-ios/cash/Extensions/NSMutableAttributedStringExtensions.swift" timestamp="1527219472713">
        <mark key="'" line="12" column="0" />
      </file>
      <file name="$USER_HOME$/workspace/cash-ios-temp/cash/ViewControllers/QRCodeViewer/QRCodeViewerCoordinator.swift" timestamp="1553590056209">
        <mark key="[" line="16" column="5" />
        <mark key="]" line="16" column="4" />
        <mark key="." line="16" column="4" />
        <mark key="^" line="16" column="4" />
      </file>
      <file name="$USER_HOME$/workspace/cash-ios/cash/ViewControllers/CashItemRequest/CashItemRequestConfigurator.swift" timestamp="1554874488779">
        <mark key="[" line="10" column="4" />
        <mark key="]" line="10" column="3" />
        <mark key="^" line="10" column="3" />
        <mark key="." line="10" column="3" />
      </file>
      <file name="$USER_HOME$/workspace/cash-ios-temp/cash/ViewModels/Wallet/WalletViewModel.swift" timestamp="1552286355084">
        <mark key="'" line="20" column="8" />
        <mark key="[" line="102" column="0" />
        <mark key="]" line="102" column="0" />
        <mark key="^" line="20" column="87" />
        <mark key="." line="102" column="0" />
      </file>
      <file name="$USER_HOME$/workspace/cash-ios-temp/cash/Views/Activity/ActivityDetailCell.swift" timestamp="1554699883733">
        <mark key="[" line="47" column="13" />
        <mark key="]" line="47" column="12" />
        <mark key="^" line="47" column="12" />
        <mark key="." line="47" column="12" />
      </file>
      <file name="$USER_HOME$/workspace/cash-ios/cash/Components/PopUp/AssessmentCashLaterPopUpView/AssessmentCashLaterView.swift" timestamp="1526010529514">
        <mark key="'" line="58" column="4" />
      </file>
      <file name="$USER_HOME$/workspace/rngen/Sources/rngen/Model/MileStone.swift" timestamp="1552971551967">
        <mark key="[" line="15" column="0" />
        <mark key="]" line="15" column="0" />
        <mark key="^" line="14" column="9" />
        <mark key="." line="15" column="0" />
      </file>
      <file name="$USER_HOME$/workspace/cash-ios-temp/cash/ViewControllers/Activity/ActivityListViewController.swift" timestamp="1554174075502">
        <mark key="'" line="600" column="32" />
      </file>
      <file name="$USER_HOME$/workspace/cash-ios/cash/Data/API/CashService/Repayment.swift" timestamp="1527840402640">
        <mark key="'" line="29" column="0" />
        <mark key="[" line="29" column="0" />
        <mark key="]" line="29" column="0" />
        <mark key="^" line="29" column="0" />
        <mark key="." line="29" column="0" />
      </file>
      <file name="$USER_HOME$/workspace/cash-ios/cash/ViewModels/BuyingPrice/BuyingPriceViewModel.swift" timestamp="1554875507402">
        <mark key="[" line="50" column="0" />
        <mark key="]" line="50" column="0" />
        <mark key="." line="50" column="0" />
      </file>
      <file name="$USER_HOME$/workspace/cash-ios/cash/Data/API/ConditionService/ConditionQuestionService.swift" timestamp="1533624815042">
        <mark key="'" line="0" column="0" />
      </file>
      <file name="$USER_HOME$/workspace/cash-ios/cash/Data/API/CashApi/CashApi.swift" timestamp="1554973480931">
        <mark key="'" line="93" column="0" />
        <mark key="[" line="41" column="5" />
        <mark key="]" line="41" column="4" />
        <mark key="^" line="41" column="4" />
        <mark key="." line="41" column="4" />
      </file>
      <file name="$USER_HOME$/workspace/cash-ios/cash/ViewModels/QRCodeViewer/QRCodeViewerViewModel.swift" timestamp="1554873758793">
        <mark key="'" line="90" column="0" />
      </file>
      <file name="$USER_HOME$/workspace/cash-ios/cash/ViewControllers/Popup/PopupViewController.swift" timestamp="1555307035721">
        <mark key="'" line="0" column="0" />
      </file>
      <file name="$USER_HOME$/workspace/cash-ios/cash/ViewControllers/Repayment/RepaymentConfigurator.swift" timestamp="1554875562930">
        <mark key="[" line="11" column="4" />
        <mark key="]" line="12" column="29" />
      </file>
      <file name="$USER_HOME$/workspace/cash-ios-temp/cash/ViewControllers/Category/CategoryViewController.swift" timestamp="1554087906135">
        <mark key="'" line="0" column="0" />
      </file>
      <file name="$USER_HOME$/workspace/cash-ios-temp/cash/ViewControllers/Notification/NotificationViewController.swift" timestamp="1554370046685">
        <mark key="'" line="95" column="0" />
        <mark key="[" line="42" column="16" />
        <mark key="]" line="42" column="15" />
        <mark key="^" line="42" column="15" />
        <mark key="." line="42" column="15" />
      </file>
      <file name="$USER_HOME$/workspace/cash-ios/cash/Data/API/CashService/CashType.swift" timestamp="1528124284430">
        <mark key="'" line="48" column="4" />
        <mark key="[" line="29" column="4" />
        <mark key="]" line="29" column="10" />
        <mark key="^" line="29" column="10" />
        <mark key="." line="29" column="10" />
      </file>
      <file name="$USER_HOME$/workspace/rngen/Sources/rngen/Api/EsaApi.swift" timestamp="1552656635990">
        <mark key="[" line="13" column="4" />
        <mark key="]" line="13" column="3" />
        <mark key="^" line="13" column="3" />
        <mark key="." line="13" column="3" />
      </file>
      <file name="$USER_HOME$/workspace/cash-ios/cash/ViewModels/Category/CategoryViewModel.swift" timestamp="1530605859380">
        <mark key="'" line="131" column="44" />
        <mark key="[" line="120" column="92" />
        <mark key="]" line="120" column="99" />
        <mark key="^" line="120" column="99" />
        <mark key="." line="120" column="99" />
      </file>
      <file name="$USER_HOME$/workspace/cash-ios-temp/cash/Data/API/CashApi/CashEndpoint.swift" timestamp="1553480117179">
        <mark key="[" line="19" column="4" />
        <mark key="]" line="21" column="4" />
        <mark key="^" line="17" column="4" />
        <mark key="." line="17" column="4" />
      </file>
      <file name="$USER_HOME$/workspace/cash-ios-temp/cash/ViewControllers/Pickup/Pickup/PickupViewController.swift" timestamp="1554343208613">
        <mark key="'" line="347" column="13" />
        <mark key="[" line="27" column="0" />
        <mark key="]" line="27" column="0" />
        <mark key="^" line="384" column="7" />
        <mark key="." line="27" column="0" />
      </file>
      <file name="$USER_HOME$/workspace/rngen/Sources/rngen/Api/GithubEndpoint.swift" timestamp="1552908226187">
        <mark key="[" line="21" column="36" />
        <mark key="]" line="21" column="75" />
        <mark key="." line="21" column="75" />
        <mark key="^" line="21" column="75" />
      </file>
      <file name="$USER_HOME$/workspace/cash-ios/cash/Models/PhotoGuide.swift" timestamp="1554889301389" />
      <file name="$USER_HOME$/workspace/cash-ios-temp/cash/Models/Cash/Cashable/Cashable.swift" timestamp="1554773817360">
        <mark key="'" line="157" column="4" />
        <mark key="[" line="241" column="5" />
        <mark key="]" line="241" column="4" />
        <mark key="^" line="241" column="4" />
        <mark key="." line="241" column="4" />
      </file>
      <file name="$USER_HOME$/workspace/cash-ios/cash/Data/API/ApplicationSettingService/ApplicationSettingEntity.swift" timestamp="1527759096172">
        <mark key="'" line="49" column="4" />
        <mark key="[" line="10" column="4" />
        <mark key="]" line="10" column="3" />
        <mark key="^" line="10" column="3" />
        <mark key="." line="10" column="3" />
      </file>
      <file name="$USER_HOME$/workspace/cash-ios/cash/Realm/CancelReason.swift" timestamp="1531103040190">
        <mark key="'" line="45" column="37" />
      </file>
      <file name="$USER_HOME$/workspace/cash-ios/cash/Data/API/CashApi/Services/TransferService/TransferService.swift" timestamp="1555317515822">
        <mark key="'" line="22" column="8" />
        <mark key="[" line="22" column="46" />
        <mark key="]" line="22" column="7" />
        <mark key="^" line="22" column="7" />
        <mark key="." line="22" column="7" />
      </file>
      <file name="$USER_HOME$/workspace/cash-ios-temp/ViewComponent/Shared/CashLogoNavigationBar.swift" timestamp="1552994330409">
        <mark key="'" line="56" column="8" />
        <mark key="[" line="21" column="16" />
        <mark key="]" line="22" column="15" />
        <mark key="." line="22" column="15" />
        <mark key="^" line="22" column="15" />
      </file>
      <file name="$USER_HOME$/workspace/cash-ios/cash/Extensions/StoryboardInstantiatable.swift" timestamp="1526284009046">
        <mark key="'" line="15" column="0" />
      </file>
      <file name="$USER_HOME$/workspace/cash-ios/Extension/JSONEncoderExtensions.swift" timestamp="1555297943337" />
      <file name="$USER_HOME$/workspace/cash-ios/cash/Components/Cells/ConditionCell.swift" timestamp="1525761284180">
        <mark key="'" line="100" column="0" />
      </file>
      <file name="$USER_HOME$/workspace/cash-ios/cash/ViewControllers/Protocols/RoutableViewController.swift" timestamp="1554874129749">
        <mark key="[" line="50" column="20" />
        <mark key="]" line="50" column="3" />
        <mark key="^" line="50" column="3" />
        <mark key="." line="50" column="3" />
      </file>
      <file name="$USER_HOME$/workspace/cash-ios/cash/Models/Cash/Cashable/FashionCashable.swift" timestamp="1528106069433">
        <mark key="'" line="42" column="51" />
        <mark key="[" line="84" column="8" />
        <mark key="]" line="84" column="7" />
        <mark key="." line="84" column="7" />
        <mark key="^" line="84" column="7" />
      </file>
      <file name="$USER_HOME$/workspace/cash-ios-temp/ViewComponent/RoundedButton/RoundedButton.swift" timestamp="1553501847677">
        <mark key="[" line="32" column="8" />
        <mark key="]" line="32" column="7" />
        <mark key="^" line="32" column="7" />
        <mark key="." line="32" column="7" />
      </file>
      <file name="$USER_HOME$/workspace/cash-ios/cash/ViewControllers/Notification/NotificationPagerViewController.swift" timestamp="1554882591877">
        <mark key="'" line="0" column="0" />
      </file>
      <file name="$USER_HOME$/workspace/cash-ios/cash/Realm/CategoryItem.swift" timestamp="1527240395311">
        <mark key="'" line="59" column="31" />
        <mark key="[" line="42" column="58" />
        <mark key="]" line="42" column="66" />
        <mark key="." line="42" column="66" />
        <mark key="^" line="42" column="66" />
      </file>
      <file name="$USER_HOME$/workspace/cash-ios/Model/MasterData/Branch.swift" timestamp="1554968248355">
        <mark key="[" line="21" column="96" />
        <mark key="]" line="21" column="11" />
        <mark key="^" line="21" column="11" />
        <mark key="." line="21" column="11" />
      </file>
      <file name="$USER_HOME$/workspace/cash-ios/cash/ViewControllers/Pickup/PickupChange/PickupChangeViewController.swift" timestamp="1554977059240">
        <mark key="[" line="227" column="0" />
        <mark key="]" line="227" column="0" />
        <mark key="." line="227" column="0" />
        <mark key="^" line="223" column="48" />
      </file>
      <file name="/Swift/Math/Integers.swift" timestamp="1527817720812">
        <mark key="'" line="167" column="51" />
      </file>
      <file name="$USER_HOME$/workspace/cash-ios/cash/Models/Pickup.swift" timestamp="1528105648918">
        <mark key="'" line="173" column="0" />
        <mark key="[" line="96" column="21" />
        <mark key="]" line="96" column="21" />
        <mark key="^" line="96" column="21" />
        <mark key="." line="96" column="21" />
      </file>
      <file name="$USER_HOME$/workspace/cash-ios-temp/cash/ViewControllers/Activity/ActivityListCoordinator.swift" timestamp="1552294295497">
        <mark key="'" line="69" column="12" />
        <mark key="[" line="38" column="0" />
        <mark key="]" line="38" column="0" />
        <mark key="^" line="38" column="11" />
        <mark key="." line="38" column="0" />
      </file>
      <file name="$USER_HOME$/workspace/cash-ios/cash/ViewControllers/CashItemRequest/CashItemRequestViewController.swift" timestamp="1554874607336">
        <mark key="[" line="20" column="59" />
        <mark key="]" line="20" column="59" />
        <mark key="." line="20" column="59" />
        <mark key="^" line="16" column="7" />
      </file>
      <file name="$USER_HOME$/workspace/cash-ios/cash/ViewControllers/Brand/BrandViewController.swift" timestamp="1555307095383">
        <mark key="'" line="0" column="0" />
      </file>
      <file name="$USER_HOME$/workspace/cash-ios/cash/Realm/Branch.swift" timestamp="1527243100937">
        <mark key="'" line="104" column="12" />
        <mark key="[" line="104" column="33" />
        <mark key="]" line="104" column="32" />
        <mark key="." line="104" column="32" />
        <mark key="^" line="104" column="32" />
      </file>
      <file name="$USER_HOME$/workspace/rngen/Sources/rngen/JSONEncoder+.swift" timestamp="1552651461354">
        <mark key="[" line="10" column="0" />
        <mark key="]" line="10" column="0" />
        <mark key="." line="10" column="0" />
        <mark key="^" line="9" column="56" />
      </file>
      <file name="$USER_HOME$/workspace/cash-ios-temp/Model/DeliveryOption/DeliveryOption.swift" timestamp="1554271596833">
        <mark key="[" line="22" column="8" />
        <mark key="]" line="22" column="14" />
        <mark key="^" line="22" column="14" />
        <mark key="." line="22" column="14" />
      </file>
      <file name="$USER_HOME$/workspace/rngen/Sources/rngen/Api/PullRequestService.swift" timestamp="1552971355419">
        <mark key="'" line="30" column="0" />
        <mark key="[" line="66" column="20" />
        <mark key="]" line="66" column="20" />
        <mark key="." line="66" column="20" />
        <mark key="^" line="66" column="20" />
      </file>
      <file name="$USER_HOME$/workspace/cash-ios-temp/cash/ViewModels/QRCodeViewer/QRCodeViewerViewModel.swift" timestamp="1554773680391">
        <mark key="'" line="79" column="12" />
        <mark key="[" line="43" column="20" />
        <mark key="]" line="43" column="19" />
        <mark key="^" line="43" column="19" />
        <mark key="." line="43" column="19" />
      </file>
      <file name="$USER_HOME$/workspace/cash-ios/cash/Models/CashLimit.swift" timestamp="1554890716660">
        <mark key="'" line="99" column="0" />
      </file>
      <file name="$USER_HOME$/workspace/cash-ios/cash/Views/AskedPriceQuestionnaire/PriceTextFieldView.swift" timestamp="1532319771276">
        <mark key="'" line="63" column="0" />
      </file>
      <file name="$USER_HOME$/workspace/cash-ios/cash/ViewControllers/Wallet/WalletViewController.swift" timestamp="1552286060003">
        <mark key="[" line="124" column="20" />
        <mark key="]" line="143" column="22" />
        <mark key="^" line="124" column="19" />
        <mark key="." line="124" column="20" />
      </file>
      <file name="$USER_HOME$/workspace/cash-ios/cash/ViewControllers/Account/AccountViewController.swift" timestamp="1555316913249">
        <mark key="[" line="54" column="0" />
        <mark key="]" line="54" column="0" />
        <mark key="." line="54" column="0" />
      </file>
      <file name="$USER_HOME$/workspace/cash-ios/cash/Singleton/LaunchSetupManager.swift" timestamp="1530866770545">
        <mark key="'" line="55" column="4" />
      </file>
      <file name="$USER_HOME$/workspace/cash-ios-temp/cash/Constants.swift" timestamp="1554276866541">
        <mark key="[" line="15" column="20" />
        <mark key="]" line="15" column="44" />
        <mark key="^" line="15" column="44" />
        <mark key="." line="15" column="44" />
      </file>
      <file name="$USER_HOME$/workspace/cash-ios/cash/ViewControllers/PurchaseAge/PurchaseAgeViewController.swift" timestamp="1530866596849">
        <mark key="'" line="16" column="8" />
      </file>
      <file name="$USER_HOME$/workspace/cash-ios/Extension/JSONDecoderExtensions.swift" timestamp="1555297909442">
        <mark key="[" line="11" column="8" />
        <mark key="]" line="11" column="58" />
      </file>
      <file name="$USER_HOME$/workspace/cash-ios/cash/Data/API/CashApi/Plugins/ReloadPlugin.swift" timestamp="1554976777337">
        <mark key="[" line="22" column="4" />
        <mark key="]" line="22" column="3" />
        <mark key="^" line="22" column="3" />
        <mark key="." line="22" column="3" />
      </file>
      <file name="$USER_HOME$/workspace/cash-ios/cash/ViewModels/CashItemRequest/CashItemRequestViewModel.swift" timestamp="1554874547743">
        <mark key="[" line="24" column="0" />
        <mark key="]" line="24" column="0" />
        <mark key="^" line="27" column="7" />
        <mark key="." line="24" column="0" />
      </file>
      <file name="$USER_HOME$/workspace/cash-ios/cash/ViewModels/Notification/NotificationViewModel.swift" timestamp="1530066077923">
        <mark key="'" line="46" column="13" />
      </file>
      <file name="$USER_HOME$/workspace/cash-ios/cash/ViewControllers/CashLaterPrices/CashLaterPricesCoordinator.swift" timestamp="1554874648885" />
      <file name="$USER_HOME$/workspace/cash-ios/Model/Address.swift" timestamp="1555304453776">
        <mark key="'" line="36" column="0" />
      </file>
      <file name="$USER_HOME$/workspace/cash-ios/cash/Models/Repayment.swift" timestamp="1528104376347">
        <mark key="'" line="0" column="0" />
        <mark key="[" line="67" column="8" />
        <mark key="]" line="67" column="7" />
        <mark key="^" line="67" column="7" />
        <mark key="." line="67" column="7" />
      </file>
      <file name="$USER_HOME$/workspace/cash-ios/cash/Models/Cash/ForeignCurrencyCash.swift" timestamp="1525344181477">
        <mark key="'" line="4" column="14" />
      </file>
      <file name="$USER_HOME$/workspace/rngen/Sources/rngen/Model/RngenError.swift" timestamp="1552555697839">
        <mark key="[" line="7" column="4" />
        <mark key="]" line="7" column="3" />
        <mark key="^" line="7" column="3" />
        <mark key="." line="7" column="3" />
      </file>
      <file name="$USER_HOME$/workspace/cash-ios-temp/Model/License/License.swift" timestamp="1553740720311">
        <mark key="[" line="2" column="4" />
        <mark key="]" line="2" column="8" />
        <mark key="." line="2" column="8" />
        <mark key="^" line="2" column="8" />
      </file>
      <file name="$USER_HOME$/workspace/cash-ios/cash/Singleton/Logger/CashLogger.swift" timestamp="1554775790520">
        <mark key="'" line="68" column="0" />
      </file>
      <file name="$USER_HOME$/workspace/cash-ios/cash/Models/CashCaution.swift" timestamp="1554959796033">
        <mark key="'" line="162" column="0" />
      </file>
      <file name="$USER_HOME$/workspace/cash-ios-temp/cash/Data/API/BundleDocumentsApi/OpenSourceLicenseService.swift" timestamp="1553479130097">
        <mark key="'" line="12" column="0" />
        <mark key="[" line="45" column="56" />
        <mark key="]" line="45" column="53" />
        <mark key="^" line="45" column="53" />
        <mark key="." line="45" column="53" />
      </file>
      <file name="$USER_HOME$/workspace/cash-ios-temp/ViewComponent/PurchaseAgeHeaderView/PurchaseAgeHeaderView.swift" timestamp="1552895081796">
        <mark key="[" line="19" column="12" />
        <mark key="]" line="19" column="11" />
        <mark key="^" line="19" column="11" />
        <mark key="." line="19" column="11" />
      </file>
      <file name="$USER_HOME$/workspace/cash-ios-temp/Extension/DateExtensions.swift" timestamp="1554442869058">
        <mark key="[" line="16" column="0" />
        <mark key="]" line="16" column="0" />
        <mark key="." line="16" column="0" />
      </file>
      <file name="$USER_HOME$/workspace/cash-ios/cash/ViewControllers/Activity/ActivityViewController.swift" timestamp="1530583934350">
        <mark key="'" line="160" column="16" />
      </file>
      <file name="$USER_HOME$/workspace/cash-ios-temp/cash/Data/API/CashItemService/CashItemService.swift" timestamp="1554369062622">
        <mark key="'" line="46" column="0" />
      </file>
      <file name="$USER_HOME$/workspace/cash-ios-temp/cash/Models/Cash/VoucherCash.swift" timestamp="1552635399499">
        <mark key="'" line="0" column="0" />
        <mark key="[" line="185" column="9" />
        <mark key="]" line="185" column="8" />
        <mark key="." line="185" column="8" />
        <mark key="^" line="185" column="8" />
      </file>
      <file name="$USER_HOME$/workspace/cash-ios/cash/Data/API/ConditionService/ConditionService.swift" timestamp="1533624255650">
        <mark key="[" line="52" column="0" />
        <mark key="]" line="52" column="0" />
        <mark key="^" line="48" column="7" />
        <mark key="." line="52" column="0" />
      </file>
      <file name="$USER_HOME$/workspace/cash-ios/cash/ViewControllers/NotificationMessage/NotificationMessageViewController.swift" timestamp="1554874242566">
        <mark key="'" line="28" column="34" />
        <mark key="[" line="74" column="16" />
        <mark key="]" line="74" column="11" />
        <mark key="." line="74" column="11" />
        <mark key="^" line="74" column="11" />
      </file>
      <file name="$USER_HOME$/workspace/cash-ios-temp/cash/Data/API/CashApi/ResponseInterceptor.swift" timestamp="1552612347295">
        <mark key="'" line="69" column="4" />
        <mark key="[" line="24" column="0" />
        <mark key="]" line="24" column="0" />
        <mark key="^" line="47" column="15" />
        <mark key="." line="24" column="0" />
      </file>
      <file name="$USER_HOME$/workspace/cash-ios/cash/ViewModels/Cash/CashViewModel.swift" timestamp="1537853737647">
        <mark key="'" line="566" column="0" />
      </file>
      <file name="$USER_HOME$/workspace/cash-ios/cash/ViewControllers/Product/ProductViewController.swift" timestamp="1530606847583">
        <mark key="'" line="82" column="0" />
      </file>
      <file name="$USER_HOME$/workspace/cash-ios-temp/cash/Models/Cash/CashFactory/CashFactory.swift" timestamp="1554087833656">
        <mark key="[" line="71" column="8" />
        <mark key="]" line="71" column="7" />
        <mark key="." line="71" column="7" />
        <mark key="^" line="71" column="7" />
      </file>
      <file name="$USER_HOME$/workspace/cash-ios-temp/cash/Data/API/DeliveryOptionService/DeliveryOptionService.swift" timestamp="1554271624174">
        <mark key="'" line="5" column="47" />
        <mark key="[" line="67" column="17" />
        <mark key="]" line="67" column="52" />
        <mark key="." line="67" column="52" />
        <mark key="^" line="67" column="52" />
      </file>
      <file name="$USER_HOME$/workspace/cash-ios/cash/ViewControllers/Repayment/RepaymentCashList/RepaymentActivityListViewController.swift" timestamp="1554973963135">
        <mark key="'" line="131" column="0" />
        <mark key="[" line="44" column="8" />
        <mark key="]" line="44" column="7" />
        <mark key="." line="44" column="7" />
        <mark key="^" line="44" column="7" />
      </file>
      <file name="$USER_HOME$/workspace/cash-ios/cash/ViewControllers/Category/BigCategoryViewController.swift" timestamp="1531921502412">
        <mark key="'" line="107" column="17" />
      </file>
      <file name="$USER_HOME$/workspace/cash-ios/cash/Realm/Category.swift" timestamp="1527240504668">
        <mark key="'" line="88" column="25" />
        <mark key="[" line="56" column="51" />
        <mark key="]" line="56" column="66" />
        <mark key="^" line="56" column="66" />
        <mark key="." line="56" column="66" />
      </file>
      <file name="$USER_HOME$/workspace/cash-ios-temp/cash/ViewControllers/Contact/ContactItem/ContactItemViewController.swift" timestamp="1553588161142">
        <mark key="[" line="12" column="8" />
        <mark key="]" line="12" column="7" />
        <mark key="^" line="12" column="7" />
        <mark key="." line="12" column="7" />
      </file>
      <file name="$USER_HOME$/workspace/fukubukuro-ios/fukubukuro/Presentation/ViewController/Scanner/ScannerViewController.swift" timestamp="1528466692279">
        <mark key="'" line="180" column="32" />
        <mark key="[" line="117" column="0" />
        <mark key="]" line="117" column="4" />
        <mark key="." line="117" column="4" />
        <mark key="^" line="117" column="4" />
      </file>
      <file name="$USER_HOME$/workspace/cash-ios-temp/cash/Realm/Brand.swift" timestamp="1552894606394">
        <mark key="'" line="53" column="8" />
      </file>
      <file name="$USER_HOME$/workspace/cash-ios/cash/Models/Cash/User.swift" timestamp="1552285742242">
        <mark key="'" line="13" column="11" />
        <mark key="[" line="46" column="41" />
        <mark key="]" line="46" column="44" />
        <mark key="." line="46" column="44" />
        <mark key="^" line="46" column="44" />
      </file>
      <file name="$USER_HOME$/workspace/cash-ios-temp/cash/Extensions/ObservableExtensions.swift" timestamp="1554286204733">
        <mark key="[" line="72" column="27" />
        <mark key="]" line="72" column="26" />
        <mark key="^" line="72" column="26" />
        <mark key="." line="72" column="26" />
      </file>
      <file name="$USER_HOME$/workspace/cash-ios-temp/cash/Data/API/StoreShippingService/StoreShippingService.swift" timestamp="1553568175886">
        <mark key="'" line="29" column="12" />
        <mark key="[" line="107" column="4" />
        <mark key="]" line="107" column="3" />
        <mark key="." line="107" column="3" />
        <mark key="^" line="107" column="3" />
      </file>
      <file name="$USER_HOME$/workspace/cash-ios-temp/cash/ViewModels/Pickup/DeliveryOptionSelectionViewModel.swift" timestamp="1554262306138">
        <mark key="'" line="0" column="0" />
        <mark key="[" line="22" column="60" />
        <mark key="]" line="22" column="111" />
        <mark key="^" line="42" column="11" />
        <mark key="." line="18" column="0" />
      </file>
      <file name="$USER_HOME$/workspace/rngen/Sources/rngen/Api/GithubApiService.swift" timestamp="1552560602413">
        <mark key="[" line="4" column="17" />
        <mark key="]" line="4" column="10" />
        <mark key="." line="4" column="10" />
        <mark key="^" line="4" column="10" />
      </file>
      <file name="$USER_HOME$/workspace/cash-ios/cash/ViewControllers/Protocols/Popupable.swift" timestamp="1555313423879">
        <mark key="'" line="241" column="4" />
        <mark key="[" line="153" column="18" />
        <mark key="]" line="153" column="17" />
        <mark key="^" line="153" column="17" />
        <mark key="." line="153" column="17" />
      </file>
      <file name="$USER_HOME$/workspace/cash-ios/cash/ViewControllers/Repayment/RepaymentCashList/RepaymentActivityListCoordinator.swift" timestamp="1554875698962">
        <mark key="[" line="30" column="0" />
        <mark key="]" line="30" column="0" />
        <mark key="." line="30" column="0" />
      </file>
      <file name="$USER_HOME$/workspace/cash-ios/cash/ViewControllers/Repayment/RepaymentCashList/RepaymentActivityListConfigurator.swift" timestamp="1554791100904">
        <mark key="[" line="19" column="55" />
        <mark key="]" line="19" column="55" />
        <mark key="." line="19" column="55" />
        <mark key="^" line="19" column="3" />
      </file>
      <file name="$USER_HOME$/workspace/cash-ios/cash/ViewModels/NotificationMessage/NotificationMessageViewModel.swift" timestamp="1554874171583">
        <mark key="[" line="11" column="4" />
        <mark key="]" line="11" column="4" />
        <mark key="." line="11" column="4" />
      </file>
      <file name="$USER_HOME$/workspace/rngen/Sources/rngen/Command/ReleaseNoteContent.swift" timestamp="1552971336236">
        <mark key="[" line="42" column="49" />
        <mark key="]" line="42" column="52" />
        <mark key="^" line="42" column="52" />
        <mark key="." line="42" column="52" />
      </file>
      <file name="$USER_HOME$/workspace/cash-ios/cash/ViewControllers/Introduction/IntroductionAnimationViewController.swift" timestamp="1530087293887">
        <mark key="'" line="42" column="4" />
        <mark key="[" line="64" column="8" />
        <mark key="]" line="64" column="7" />
        <mark key="." line="64" column="7" />
        <mark key="^" line="64" column="7" />
      </file>
      <file name="$USER_HOME$/workspace/cash-ios/cash/Singleton/RemoteConfigManager.swift" timestamp="1531215744161">
        <mark key="'" line="78" column="0" />
      </file>
      <file name="$USER_HOME$/workspace/fukubukuro-ios/fukubukuro/Presentation/ViewModel/ScannerViewModel.swift" timestamp="1528693950678">
        <mark key="'" line="51" column="3" />
        <mark key="[" line="50" column="0" />
        <mark key="]" line="50" column="0" />
        <mark key="^" line="49" column="7" />
        <mark key="." line="50" column="0" />
      </file>
      <file name="$USER_HOME$/workspace/cash-ios/cash/ViewModels/Wallet/WalletViewModel.swift" timestamp="1552286018339">
        <mark key="'" line="102" column="8" />
        <mark key="[" line="103" column="0" />
        <mark key="]" line="103" column="0" />
        <mark key="." line="103" column="0" />
        <mark key="^" line="102" column="87" />
      </file>
      <file name="$USER_HOME$/workspace/cash-ios-temp/ViewComponent/QRViewer/QRReserveNumbersView.swift" timestamp="1554108632906">
        <mark key="[" line="15" column="4" />
        <mark key="]" line="15" column="3" />
        <mark key="^" line="15" column="3" />
        <mark key="." line="15" column="3" />
      </file>
      <file name="$USER_HOME$/workspace/cash-ios/cash/ViewControllers/Others/OpenSourceLicenseViewController.swift" timestamp="1525689133087">
        <mark key="'" line="1" column="0" />
      </file>
      <file name="$USER_HOME$/workspace/cash-ios-temp/cash/Data/API/CashService/CashService.swift" timestamp="1554369040185">
        <mark key="'" line="63" column="1" />
      </file>
      <file name="$USER_HOME$/workspace/cash-ios/cash/Models/Address.swift" timestamp="1528105369099">
        <mark key="'" line="35" column="3" />
        <mark key="[" line="44" column="8" />
        <mark key="]" line="44" column="7" />
        <mark key="^" line="44" column="7" />
        <mark key="." line="44" column="7" />
      </file>
      <file name="$USER_HOME$/workspace/cash-ios/cash/Models/CashAssessmentHistory.swift" timestamp="1537853814204">
        <mark key="[" line="17" column="64" />
        <mark key="]" line="17" column="67" />
        <mark key="^" line="17" column="67" />
        <mark key="." line="17" column="67" />
      </file>
      <file name="$USER_HOME$/workspace/cash-ios-temp/cash/ViewControllers/Address/AddressViewController.swift" timestamp="1554276529131">
        <mark key="'" line="138" column="69" />
      </file>
      <file name="$USER_HOME$/workspace/cash-ios/cash/Modules/PushNotification/PushNotificationParser.swift" timestamp="1530613831536">
        <mark key="'" line="11" column="0" />
      </file>
      <file name="$USER_HOME$/workspace/cash-ios/cash/ViewControllers/Notification/NotificationRatingViewController.swift" timestamp="1554875005869">
        <mark key="'" line="49" column="60" />
        <mark key="[" line="49" column="16" />
        <mark key="]" line="49" column="15" />
        <mark key="^" line="49" column="15" />
        <mark key="." line="49" column="15" />
      </file>
      <file name="$USER_HOME$/workspace/cash-ios/cash/Extensions/UIColorExtensions.swift" timestamp="1535102065152">
        <mark key="'" line="46" column="0" />
        <mark key="[" line="42" column="8" />
        <mark key="]" line="42" column="14" />
        <mark key="^" line="42" column="14" />
        <mark key="." line="42" column="14" />
      </file>
      <file name="$USER_HOME$/workspace/dot/Sources/dot/Commands/Install.swift" timestamp="1554357620090" />
      <file name="$USER_HOME$/workspace/cash-ios/cash/ViewControllers/Activity/ActivityListViewController.swift" timestamp="1554975563855">
        <mark key="[" line="429" column="15" />
        <mark key="]" line="429" column="78" />
      </file>
      <file name="$USER_HOME$/workspace/cash-ios/cash/AppDelegate.swift" timestamp="1554775004967">
        <mark key="'" line="197" column="8" />
      </file>
      <file name="$USER_HOME$/workspace/cash-ios/cash/ViewControllers/Notification/NotificationRatingCoordinator.swift" timestamp="1554874933908">
        <mark key="[" line="24" column="0" />
        <mark key="]" line="24" column="0" />
        <mark key="^" line="21" column="11" />
        <mark key="." line="24" column="0" />
      </file>
      <file name="$USER_HOME$/workspace/cash-ios/cash/ViewControllers/Notification/NotificationViewController.swift" timestamp="1530066065971">
        <mark key="'" line="235" column="34" />
      </file>
      <file name="$USER_HOME$/workspace/cash-ios/cash/Data/API/CashService/PickupEntity.swift" timestamp="1528079244130">
        <mark key="'" line="10" column="32" />
        <mark key="[" line="19" column="4" />
        <mark key="]" line="19" column="3" />
        <mark key="^" line="19" column="3" />
        <mark key="." line="19" column="3" />
      </file>
      <file name="$USER_HOME$/workspace/cash-ios/cash/Components/PopUp/ConditionPopUpView/SelectConditionView.swift" timestamp="1528779264132">
        <mark key="'" line="58" column="8" />
      </file>
      <file name="$USER_HOME$/workspace/cash-ios/cash/ViewControllers/Product/ProductSeries/ProductSeriesViewController.swift" timestamp="1530606863568">
        <mark key="'" line="0" column="0" />
      </file>
      <file name="$USER_HOME$/workspace/cash-ios/cash/ViewControllers/Popup/SingleButtonAlertViewController.swift" timestamp="1527153629114">
        <mark key="'" line="92" column="15" />
        <mark key="[" line="111" column="0" />
        <mark key="]" line="111" column="0" />
        <mark key="^" line="28" column="0" />
        <mark key="." line="111" column="0" />
      </file>
      <file name="$USER_HOME$/workspace/cash-ios/cash/Singleton/CashManager.swift" timestamp="1554975638562">
        <mark key="'" line="129" column="0" />
        <mark key="[" line="25" column="12" />
        <mark key="]" line="25" column="11" />
        <mark key="^" line="25" column="11" />
        <mark key="." line="25" column="11" />
      </file>
      <file name="$USER_HOME$/workspace/cash-ios/cash/ViewControllers/Popup/SingleButtonPopupViewController.swift" timestamp="1527155320405">
        <mark key="'" line="71" column="0" />
        <mark key="[" line="10" column="0" />
        <mark key="]" line="10" column="0" />
        <mark key="." line="10" column="0" />
        <mark key="^" line="77" column="7" />
      </file>
      <file name="$USER_HOME$/workspace/cash-ios/cash/Extensions/UIViewControllerExtensions.swift" timestamp="1530601160555">
        <mark key="'" line="101" column="9" />
      </file>
      <file name="$USER_HOME$/workspace/cash-ios/cash/Models/Cash/CashFactory/CashFactory.swift" timestamp="1530591751006">
        <mark key="'" line="30" column="3" />
      </file>
      <file name="$USER_HOME$/workspace/cash-ios-temp/cash/Singleton/APIClient.swift" timestamp="1553584274165">
        <mark key="'" line="25" column="4" />
        <mark key="[" line="365" column="12" />
        <mark key="]" line="365" column="28" />
        <mark key="." line="365" column="28" />
        <mark key="^" line="365" column="28" />
      </file>
      <file name="$USER_HOME$/workspace/rngen/Sources/rngen/Command/ReleaseNoteGenerate.swift" timestamp="1552971338832">
        <mark key="'" line="26" column="16" />
        <mark key="[" line="7" column="0" />
        <mark key="]" line="7" column="17" />
        <mark key="." line="71" column="19" />
        <mark key="^" line="71" column="19" />
      </file>
      <file name="$USER_HOME$/workspace/cash-ios-temp/cash/Views/Cash/CashFooter.swift" timestamp="1553763641282">
        <mark key="[" line="23" column="0" />
        <mark key="]" line="23" column="0" />
        <mark key="^" line="19" column="3" />
        <mark key="." line="23" column="0" />
      </file>
      <file name="$USER_HOME$/workspace/cash-ios-temp/cash/ViewControllers/Others/OthersDataSource.swift" timestamp="1554359886614">
        <mark key="[" line="29" column="4" />
        <mark key="]" line="29" column="3" />
        <mark key="^" line="29" column="3" />
        <mark key="." line="29" column="3" />
      </file>
      <file name="$USER_HOME$/workspace/cash-ios-temp/cash/Components/BlackButton/BlackButton.swift" timestamp="1553765483954">
        <mark key="'" line="0" column="0" />
        <mark key="[" line="58" column="35" />
        <mark key="]" line="59" column="11" />
        <mark key="^" line="59" column="11" />
        <mark key="." line="59" column="11" />
      </file>
      <file name="$USER_HOME$/workspace/cash-ios-temp/cash/Models/Prefecture.swift" timestamp="1553677691366">
        <mark key="'" line="0" column="0" />
      </file>
      <file name="$USER_HOME$/workspace/cash-ios-temp/cash/ViewModels/Address/AddressViewModel.swift" timestamp="1554276523645">
        <mark key="'" line="51" column="12" />
      </file>
      <file name="$USER_HOME$/workspace/rngen/Sources/rngen/Api/EsaEndpoint.swift" timestamp="1552908213772">
        <mark key="[" line="24" column="37" />
        <mark key="]" line="24" column="100" />
        <mark key="^" line="24" column="100" />
        <mark key="." line="24" column="100" />
      </file>
      <file name="$USER_HOME$/workspace/cash-ios-temp/cash/ViewControllers/Pickup/DeliveryOptionSelection/DeliveryOptionSelectionViewController.swift" timestamp="1554100872049">
        <mark key="'" line="56" column="31" />
        <mark key="[" line="52" column="26" />
        <mark key="]" line="52" column="11" />
        <mark key="^" line="52" column="11" />
        <mark key="." line="52" column="11" />
      </file>
      <file name="$USER_HOME$/workspace/cash-ios-temp/Model/MasterData/Brand/Brand.swift" timestamp="1553758497398">
        <mark key="'" line="9" column="0" />
        <mark key="[" line="134" column="4" />
        <mark key="]" line="134" column="3" />
        <mark key="^" line="134" column="3" />
        <mark key="." line="134" column="3" />
      </file>
      <file name="$USER_HOME$/workspace/cash-ios-temp/cash/Components/PopUp/AssessmentPopUpView/AssessmentView.swift" timestamp="1554090852056">
        <mark key="[" line="34" column="0" />
        <mark key="]" line="34" column="0" />
        <mark key="^" line="56" column="15" />
        <mark key="." line="34" column="0" />
      </file>
      <file name="$USER_HOME$/workspace/cash-ios-temp/cash/ViewModels/Pickup/PickupViewModel.swift" timestamp="1554355277980">
        <mark key="'" line="0" column="0" />
        <mark key="[" line="71" column="0" />
        <mark key="]" line="71" column="0" />
        <mark key="^" line="59" column="7" />
        <mark key="." line="71" column="0" />
      </file>
      <file name="$USER_HOME$/workspace/cash-ios/cash/ViewControllers/Others/OthersViewController.swift" timestamp="1530163756445">
        <mark key="'" line="17" column="0" />
        <mark key="[" line="24" column="8" />
        <mark key="]" line="24" column="7" />
        <mark key="^" line="24" column="7" />
        <mark key="." line="24" column="7" />
      </file>
      <file name="$USER_HOME$/workspace/rngen/Sources/rngen/Command/ReleaseNoteHeaderable.swift" timestamp="1552569483356">
        <mark key="'" line="7" column="8" />
        <mark key="[" line="39" column="8" />
        <mark key="]" line="39" column="7" />
        <mark key="^" line="39" column="7" />
        <mark key="." line="39" column="7" />
      </file>
      <file name="$USER_HOME$/workspace/cash-ios/cash/ViewControllers/NotificationMessage/NotificationMessageCoordinator.swift" timestamp="1554874102800">
        <mark key="[" line="27" column="0" />
        <mark key="]" line="27" column="0" />
        <mark key="^" line="24" column="11" />
        <mark key="." line="27" column="0" />
      </file>
      <file name="$USER_HOME$/workspace/cash-ios/cash/Data/API/CashService/RepaymentEntity.swift" timestamp="1528103859557">
        <mark key="'" line="7" column="14" />
        <mark key="[" line="40" column="8" />
        <mark key="]" line="40" column="8" />
        <mark key="^" line="40" column="8" />
        <mark key="." line="40" column="8" />
      </file>
      <file name="$USER_HOME$/workspace/cash-ios/boxable.swift" timestamp="1527815150582">
        <mark key="'" line="0" column="0" />
        <mark key="[" line="44" column="0" />
        <mark key="]" line="44" column="0" />
        <mark key="^" line="27" column="29" />
        <mark key="." line="44" column="0" />
      </file>
      <file name="$USER_HOME$/workspace/cash-ios/cash/Data/API/CashApi/Services/AccountService/AccountService.swift" timestamp="1555316820353">
        <mark key="[" line="22" column="46" />
        <mark key="]" line="22" column="71" />
        <mark key="^" line="22" column="71" />
        <mark key="." line="22" column="71" />
      </file>
      <file name="$USER_HOME$/workspace/cash-ios/cash/ViewControllers/IDConfirmation/IDConfirmationViewController.swift" timestamp="1526440628085">
        <mark key="'" line="10" column="13" />
      </file>
      <file name="$USER_HOME$/workspace/cash-ios/Carthage/Checkouts/siesta/Examples/GithubBrowser/Source/UI/LoginViewController.swift" timestamp="1530068038268">
        <mark key="'" line="0" column="0" />
      </file>
      <file name="$USER_HOME$/workspace/cash-ios-temp/cash/ViewControllers/Main/MainTabBarController.swift" timestamp="1554197987286">
        <mark key="'" line="220" column="12" />
        <mark key="[" line="213" column="15" />
        <mark key="]" line="213" column="23" />
        <mark key="." line="213" column="23" />
        <mark key="^" line="213" column="23" />
      </file>
      <file name="$USER_HOME$/workspace/cash-ios-temp/cash/ViewControllers/Settings/SettingsViewController.swift" timestamp="1554359828452">
        <mark key="'" line="233" column="38" />
      </file>
      <file name="$USER_HOME$/workspace/cash-ios/cash/Views/Cash/CashFooter.swift" timestamp="1530778742235">
        <mark key="'" line="24" column="25" />
      </file>
    </filemarks>
    <jumps>
      <jump line="18" column="8" filename="$USER_HOME$/workspace/cash-ios-temp/cash/ViewModels/Address/AddressViewModel.swift" />
      <jump line="34" column="21" filename="$USER_HOME$/workspace/cash-ios-temp/cash/ViewModels/Address/AddressViewModel.swift" />
      <jump line="51" column="12" filename="$USER_HOME$/workspace/cash-ios-temp/cash/ViewModels/Address/AddressViewModel.swift" />
      <jump line="138" column="69" filename="$USER_HOME$/workspace/cash-ios-temp/cash/ViewControllers/Address/AddressViewController.swift" />
      <jump line="129" column="20" filename="$USER_HOME$/workspace/cash-ios-temp/cash/ViewControllers/QRCodeViewer/QRCodeViewerController.swift" />
      <jump line="233" column="38" filename="$USER_HOME$/workspace/cash-ios-temp/cash/ViewControllers/Settings/SettingsViewController.swift" />
      <jump line="63" column="1" filename="$USER_HOME$/workspace/cash-ios-temp/cash/Data/API/CashService/CashService.swift" />
      <jump line="46" column="0" filename="$USER_HOME$/workspace/cash-ios-temp/cash/Data/API/CashItemService/CashItemService.swift" />
      <jump line="118" column="12" filename="$USER_HOME$/workspace/cash-ios-temp/cash/ViewModels/Notification/NotificationViewModel.swift" />
      <jump line="55" column="16" filename="$USER_HOME$/workspace/cash-ios-temp/cash/ViewModels/Notification/NotificationViewModel.swift" />
      <jump line="173" column="3" filename="$USER_HOME$/workspace/cash-ios-temp/cash/ViewModels/Notification/NotificationViewModel.swift" />
      <jump line="102" column="12" filename="$USER_HOME$/workspace/cash-ios-temp/cash/ViewModels/QRCodeViewer/QRCodeViewerViewModel.swift" />
      <jump line="0" column="0" filename="$USER_HOME$/workspace/cash-ios-temp/cash/AppDelegate.swift" />
      <jump line="168" column="7" filename="$USER_HOME$/workspace/cash-ios-temp/cash/AppDelegate.swift" />
      <jump line="185" column="0" filename="$USER_HOME$/workspace/cash-ios-temp/cash/ViewControllers/QRCodeViewer/QRCodeViewerController.swift" />
      <jump line="157" column="4" filename="$USER_HOME$/workspace/cash-ios-temp/cash/Models/Cash/Cashable/Cashable.swift" />
      <jump line="197" column="8" filename="$USER_HOME$/workspace/cash-ios/cash/AppDelegate.swift" />
      <jump line="68" column="0" filename="$USER_HOME$/workspace/cash-ios/cash/Singleton/Logger/CashLogger.swift" />
      <jump line="6" column="0" filename="$USER_HOME$/workspace/cash-ios/cash/ViewControllers/Activity/ActivityListCoordinator.swift" />
      <jump line="105" column="29" filename="$USER_HOME$/workspace/cash-ios/cash/ViewControllers/Activity/ActivityListCoordinator.swift" />
      <jump line="26" column="30" filename="$USER_HOME$/workspace/cash-ios/cash/ViewControllers/Activity/ActivityListCoordinator.swift" />
      <jump line="110" column="0" filename="$USER_HOME$/workspace/cash-ios/cash/ViewControllers/Activity/ActivityListCoordinator.swift" />
      <jump line="104" column="4" filename="$USER_HOME$/workspace/cash-ios/cash/ViewControllers/Activity/ActivityListCoordinator.swift" />
      <jump line="0" column="0" filename="$USER_HOME$/workspace/cash-ios/cash/ViewControllers/Activity/ActivityListCoordinator.swift" />
      <jump line="99" column="0" filename="$USER_HOME$/workspace/cash-ios/cash/ViewControllers/Activity/ActivityListCoordinator.swift" />
      <jump line="47" column="12" filename="$USER_HOME$/workspace/cash-ios/cash/ViewControllers/Activity/ActivityListCoordinator.swift" />
      <jump line="170" column="16" filename="$USER_HOME$/workspace/cash-ios/cash/ViewControllers/QRCodeViewer/QRCodeViewerController.swift" />
      <jump line="79" column="0" filename="$USER_HOME$/workspace/cash-ios/cash/ViewControllers/QRCodeViewer/QRCodeViewerController.swift" />
      <jump line="90" column="0" filename="$USER_HOME$/workspace/cash-ios/cash/ViewModels/QRCodeViewer/QRCodeViewerViewModel.swift" />
      <jump line="0" column="0" filename="$USER_HOME$/workspace/cash-ios/cash/ViewControllers/NotificationMessage/NotificationMessageViewController.swift" />
      <jump line="28" column="34" filename="$USER_HOME$/workspace/cash-ios/cash/ViewControllers/NotificationMessage/NotificationMessageViewController.swift" />
      <jump line="15" column="27" filename="$USER_HOME$/workspace/cash-ios/cash/ViewControllers/CashItemRequest/CashItemRequestIntroductionCoordinator.swift" />
      <jump line="14" column="4" filename="$USER_HOME$/workspace/cash-ios/cash/ViewControllers/CashItemRequest/CashItemRequestIntroductionCoordinator.swift" />
      <jump line="0" column="0" filename="$USER_HOME$/workspace/cash-ios/cash/ViewControllers/Notification/NotificationRatingViewController.swift" />
      <jump line="49" column="60" filename="$USER_HOME$/workspace/cash-ios/cash/ViewControllers/Notification/NotificationRatingViewController.swift" />
      <jump line="0" column="0" filename="$USER_HOME$/workspace/cash-ios/cash/ViewControllers/BuyingPrice/BuyingPriceViewController.swift" />
      <jump line="61" column="48" filename="$USER_HOME$/workspace/cash-ios/cash/ViewControllers/BuyingPrice/BuyingPriceViewController.swift" />
      <jump line="24" column="49" filename="$USER_HOME$/workspace/cash-ios/cash/ViewControllers/Repayment/RepaymentCashList/RepaymentActivityListViewController.swift" />
      <jump line="77" column="23" filename="$USER_HOME$/workspace/cash-ios/cash/ViewControllers/Repayment/RepaymentCashList/RepaymentActivityListViewController.swift" />
      <jump line="88" column="32" filename="$USER_HOME$/workspace/cash-ios/cash/ViewControllers/Repayment/RepaymentCashList/RepaymentActivityListViewController.swift" />
      <jump line="0" column="0" filename="$USER_HOME$/workspace/cash-ios/cash/ViewControllers/Notification/NotificationPagerViewController.swift" />
      <jump line="66" column="12" filename="$USER_HOME$/workspace/cash-ios/cash/Realm/Product.swift" />
      <jump line="125" column="25" filename="$USER_HOME$/workspace/cash-ios/cash/ViewControllers/Pickup/PickupChange/PickupChangeViewController.swift" />
      <jump line="206" column="13" filename="$USER_HOME$/workspace/cash-ios/cash/ViewControllers/Pickup/PickupChange/PickupChangeViewController.swift" />
      <jump line="221" column="58" filename="$USER_HOME$/workspace/cash-ios/cash/ViewControllers/Pickup/PickupChange/PickupChangeViewController.swift" />
      <jump line="29" column="97" filename="$USER_HOME$/workspace/cash-ios/cash/ViewControllers/Pickup/PickupChange/PickupChangeViewController.swift" />
      <jump line="30" column="13" filename="$USER_HOME$/workspace/cash-ios/cash/ViewControllers/Pickup/PickupChange/PickupChangeViewController.swift" />
      <jump line="31" column="13" filename="$USER_HOME$/workspace/cash-ios/cash/ViewControllers/Pickup/PickupChange/PickupChangeViewController.swift" />
      <jump line="32" column="13" filename="$USER_HOME$/workspace/cash-ios/cash/ViewControllers/Pickup/PickupChange/PickupChangeViewController.swift" />
      <jump line="33" column="13" filename="$USER_HOME$/workspace/cash-ios/cash/ViewControllers/Pickup/PickupChange/PickupChangeViewController.swift" />
      <jump line="34" column="13" filename="$USER_HOME$/workspace/cash-ios/cash/ViewControllers/Pickup/PickupChange/PickupChangeViewController.swift" />
      <jump line="35" column="13" filename="$USER_HOME$/workspace/cash-ios/cash/ViewControllers/Pickup/PickupChange/PickupChangeViewController.swift" />
      <jump line="36" column="13" filename="$USER_HOME$/workspace/cash-ios/cash/ViewControllers/Pickup/PickupChange/PickupChangeViewController.swift" />
      <jump line="37" column="13" filename="$USER_HOME$/workspace/cash-ios/cash/ViewControllers/Pickup/PickupChange/PickupChangeViewController.swift" />
      <jump line="38" column="13" filename="$USER_HOME$/workspace/cash-ios/cash/ViewControllers/Pickup/PickupChange/PickupChangeViewController.swift" />
      <jump line="39" column="12" filename="$USER_HOME$/workspace/cash-ios/cash/ViewControllers/Pickup/PickupChange/PickupChangeViewController.swift" />
      <jump line="40" column="64" filename="$USER_HOME$/workspace/cash-ios/cash/ViewControllers/Pickup/PickupChange/PickupChangeViewController.swift" />
      <jump line="41" column="37" filename="$USER_HOME$/workspace/cash-ios/cash/ViewControllers/Pickup/PickupChange/PickupChangeViewController.swift" />
      <jump line="42" column="30" filename="$USER_HOME$/workspace/cash-ios/cash/ViewControllers/Pickup/PickupChange/PickupChangeViewController.swift" />
      <jump line="43" column="8" filename="$USER_HOME$/workspace/cash-ios/cash/ViewControllers/Pickup/PickupChange/PickupChangeViewController.swift" />
      <jump line="49" column="13" filename="$USER_HOME$/workspace/cash-ios/cash/ViewControllers/Pickup/PickupChange/PickupChangeViewController.swift" />
      <jump line="50" column="133" filename="$USER_HOME$/workspace/cash-ios/cash/ViewControllers/Pickup/PickupChange/PickupChangeViewController.swift" />
      <jump line="52" column="35" filename="$USER_HOME$/workspace/cash-ios/cash/ViewControllers/Pickup/PickupChange/PickupChangeViewController.swift" />
      <jump line="56" column="16" filename="$USER_HOME$/workspace/cash-ios/cash/ViewControllers/Pickup/PickupChange/PickupChangeViewController.swift" />
      <jump line="74" column="8" filename="$USER_HOME$/workspace/cash-ios/cash/Realm/Product.swift" />
      <jump line="81" column="0" filename="$USER_HOME$/workspace/cash-ios/cash/Models/CashLimit.swift" />
      <jump line="99" column="0" filename="$USER_HOME$/workspace/cash-ios/cash/Models/CashLimit.swift" />
      <jump line="130" column="0" filename="$USER_HOME$/workspace/cash-ios/cash/ViewControllers/Repayment/RepaymentCashList/RepaymentActivityListViewController.swift" />
      <jump line="83" column="56" filename="$USER_HOME$/workspace/cash-ios/cash/Models/CashCaution.swift" />
      <jump line="162" column="0" filename="$USER_HOME$/workspace/cash-ios/cash/Models/CashCaution.swift" />
      <jump line="76" column="13" filename="$USER_HOME$/workspace/cash-ios/cash/Data/API/CashApi/CashApi.swift" />
      <jump line="26" column="8" filename="$USER_HOME$/workspace/cash-ios/cash/Data/API/CashApi/CashApi.swift" />
      <jump line="103" column="0" filename="$USER_HOME$/workspace/cash-ios/cash/Data/API/CashApi/CashApi.swift" />
      <jump line="0" column="0" filename="$USER_HOME$/workspace/cash-ios/cash/Data/API/CashApi/CashApi.swift" />
      <jump line="85" column="0" filename="$USER_HOME$/workspace/cash-ios/cash/Data/API/CashApi/CashApi.swift" />
      <jump line="0" column="0" filename="$USER_HOME$/workspace/cash-ios/cash/Singleton/CashManager.swift" />
      <jump line="117" column="9" filename="$USER_HOME$/workspace/cash-ios/cash/Singleton/CashManager.swift" />
      <jump line="24" column="25" filename="$USER_HOME$/workspace/cash-ios/cash/Singleton/CashManager.swift" />
      <jump line="129" column="0" filename="$USER_HOME$/workspace/cash-ios/cash/Singleton/CashManager.swift" />
      <jump line="190" column="20" filename="$USER_HOME$/workspace/cash-ios/cash/ViewControllers/Pickup/PickupChange/PickupChangeViewController.swift" />
      <jump line="227" column="106" filename="$USER_HOME$/workspace/cash-ios/cash/ViewControllers/Pickup/PickupChange/PickupChangeViewController.swift" />
      <jump line="321" column="0" filename="$USER_HOME$/workspace/cash-ios/cash/ViewControllers/Address/AddressViewController.swift" />
      <jump line="0" column="0" filename="$USER_HOME$/workspace/cash-ios/cash/ViewModels/Address/AddressViewModel.swift" />
      <jump line="83" column="9" filename="$USER_HOME$/workspace/cash-ios/cash/ViewModels/Address/AddressViewModel.swift" />
      <jump line="21" column="39" filename="$USER_HOME$/workspace/cash-ios/cash/Data/API/CashApi/Services/AddressService/AddressService.swift" />
      <jump line="60" column="93" filename="$USER_HOME$/workspace/cash-ios/cash/Data/API/CashApi/Services/AddressService/AddressService.swift" />
      <jump line="75" column="67" filename="$USER_HOME$/workspace/cash-ios/cash/ViewModels/Address/AddressViewModel.swift" />
      <jump line="96" column="17" filename="$USER_HOME$/workspace/cash-ios/cash/ViewModels/Address/AddressViewModel.swift" />
      <jump line="36" column="0" filename="$USER_HOME$/workspace/cash-ios/Model/Address.swift" />
      <jump line="27" column="8" filename="$USER_HOME$/workspace/cash-ios/cash/ViewControllers/Address/AddressViewController.swift" />
      <jump line="90" column="35" filename="$USER_HOME$/workspace/cash-ios/cash/ViewControllers/Address/AddressViewController.swift" />
      <jump line="91" column="40" filename="$USER_HOME$/workspace/cash-ios/cash/ViewControllers/Address/AddressViewController.swift" />
      <jump line="113" column="23" filename="$USER_HOME$/workspace/cash-ios/cash/ViewControllers/Address/AddressViewController.swift" />
      <jump line="0" column="0" filename="$USER_HOME$/workspace/cash-ios/cash/ViewControllers/Popup/PopupViewController.swift" />
      <jump line="243" column="4" filename="$USER_HOME$/workspace/cash-ios/cash/ViewControllers/Protocols/Popupable.swift" />
      <jump line="0" column="0" filename="$USER_HOME$/workspace/cash-ios/cash/ViewControllers/Brand/BrandViewController.swift" />
      <jump line="22" column="8" filename="$USER_HOME$/workspace/cash-ios/cash/Data/API/CashApi/Services/TransferService/TransferService.swift" />
      <jump line="127" column="30" filename="$USER_HOME$/workspace/cash-ios/cash/ViewControllers/Transfer/TransferViewController.swift" />
      <jump line="165" column="0" filename="$USER_HOME$/workspace/cash-ios/cash/ViewControllers/Transfer/TransferViewController.swift" />
      <jump line="83" column="51" filename="$USER_HOME$/workspace/cash-ios/cash/ViewControllers/Transfer/TransferViewController.swift" />
    </jumps>
    <registers>
      <register name="&quot;" type="2">
        <text encoding="base64">ICAgICAgICAgICAgICAgIAo=</text>
      </register>
      <register name="-" type="4">
        <text encoding="base64">bGV0IA==</text>
      </register>
      <register name="/" type="4">
        <text>transferService</text>
      </register>
      <register name="0" type="4">
        <text>case .image(let image):
                self.imageView.image = image
                self.imageViewWidthConstraint.constant = image.size.width
                self.imageViewHeightConstraint.constant = image.size.height
                self.customImageViewHeightConstraint.constant = image.size.height
                self.imageView.isHidden = false
                self.gifImageView.isHidden = true
                self.customImageView.isHidden = true</text>
      </register>
      <register name="1" type="2">
        <text encoding="base64">ICAgICAgICAgICAgICAgIAo=</text>
      </register>
      <register name="q" type="4">
        <text />
      </register>
      <register name="2" type="2">
        <text encoding="base64">ICAgICAgICAgICAgICAgIE5vdGlmaWNhdGlvbkNlbnRlci5kZWZhdWx0LnBvc3QobmFtZTogTlNOb3RpZmljYXRpb24uTmFtZShyYXdWYWx1ZTogTm90aWZpY2F0aW9uLk5hbWUucmVmcmVzaFVzZXIpLCBvYmplY3Q6IG5pbCkK</text>
      </register>
      <register name="3" type="2">
        <text encoding="base64">ICAgICAgICAgICAgICAgIE5vdGlmaWNhdGlvbkNlbnRlci5kZWZhdWx0LnBvc3QobmFtZTogTlNOb3RpZmljYXRpb24uTmFtZShyYXdWYWx1ZTogTm90aWZpY2F0aW9uLk5hbWUucmVmcmVzaFdhbGxldCksIG9iamVjdDogbmlsKQo=</text>
      </register>
      <register name="4" type="4">
        <text>, completion: {
                            GlobalStateManager.sharedInstance.reloadUser()
                                .subscribe()
                                .disposed(by: self.rx.disposeBag)
                        }</text>
      </register>
      <register name="5" type="2">
        <text encoding="base64">ICAgICAgICAgICAgICAgIEdsb2JhbFN0YXRlTWFuYWdlci5zaGFyZWRJbnN0YW5jZS51c2VyLnZhbHVlIS5hY2NvdW50ID0gYWNjb3VudAo=</text>
      </register>
      <register name="6" type="2">
        <text encoding="base64">ICAgICAgICAgICAgICAgIE5vdGlmaWNhdGlvbkNlbnRlci5kZWZhdWx0LnBvc3QobmFtZTogTlNOb3RpZmljYXRpb24uTmFtZShyYXdWYWx1ZTogTm90aWZpY2F0aW9uLk5hbWUucmVmcmVzaFdhbGxldCksIG9iamVjdDogbmlsKQo=</text>
      </register>
      <register name="7" type="2">
        <text encoding="base64">ICAgICAgICAgICAgIAo=</text>
      </register>
      <register name="w" type="4">
        <text />
      </register>
      <register name="8" type="4">
        <text>case .banner(let image):
                self.imageView.image = image
                self.imageViewWidthConstraint.constant = image.size.width
                self.imageViewHeightConstraint.constant = image.size.height
                self.customImageViewHeightConstraint.constant = image.size.height
                self.imageView.isHidden = false
                self.gifImageView.isHidden = true
                self.customImageView.isHidden = true</text>
      </register>
      <register name="9" type="2">
        <text encoding="base64">LndpdGgoaW1hZ2U6IC5jdXN0b21JbWFnZSh1cmw6ICkpCg==</text>
      </register>
      <register name=":" type="4">
        <text>w</text>
      </register>
    </registers>
    <search>
      <last-search>transferService</last-search>
      <last-offset />
      <last-pattern>transferService</last-pattern>
      <last-replace>static var</last-replace>
      <last-substitute>static let</last-substitute>
      <last-dir>1</last-dir>
      <show-last>false</show-last>
    </search>
    <history>
      <history-search>
        <entry>haveTo</entry>
        <entry>集荷日時</entry>
        <entry>postalCode</entry>
        <entry>postalCode.as</entry>
        <entry>registerForRemoteNotifications</entry>
        <entry>present</entry>
        <entry>coordaintor</entry>
        <entry>pop</entry>
        <entry>popTo</entry>
        <entry>push</entry>
        <entry>pushTo</entry>
        <entry>cancel</entry>
        <entry encoding="base64">XDxyZWxvYWRDYXNoZXNcPg==</entry>
        <entry>pickupCancelled</entry>
        <entry>cre</entry>
        <entry>createAddress</entry>
        <entry>cr</entry>
        <entry>Driver</entry>
        <entry>create</entry>
        <entry>transferService</entry>
      </history-search>
      <history-cmd>
        <entry>%s/API_HOST/configuration/g</entry>
        <entry>ll</entry>
        <entry>40</entry>
        <entry>173</entry>
        <entry encoding="base64">IA==</entry>
        <entry>165</entry>
        <entry>%s/static let/static var/g</entry>
        <entry>1</entry>
        <entry>q</entry>
        <entry>531</entry>
        <entry>82</entry>
        <entry>137</entry>
        <entry>200</entry>
        <entry>108</entry>
        <entry>76</entry>
        <entry>130</entry>
        <entry>131</entry>
        <entry>99</entry>
        <entry>150</entry>
        <entry>w</entry>
      </history-cmd>
      <history-expr />
      <history-input />
    </history>
    <shortcut-conflicts>
      <shortcut-conflict owner="vim">
        <text>ctrl pressed A</text>
      </shortcut-conflict>
      <shortcut-conflict owner="vim">
        <text>ctrl pressed E</text>
      </shortcut-conflict>
      <shortcut-conflict owner="vim">
        <text>ctrl pressed J</text>
      </shortcut-conflict>
      <shortcut-conflict owner="vim">
        <text>ctrl pressed O</text>
      </shortcut-conflict>
      <shortcut-conflict owner="vim">
        <text>ctrl pressed P</text>
      </shortcut-conflict>
      <shortcut-conflict owner="vim">
        <text>ctrl pressed F</text>
      </shortcut-conflict>
      <shortcut-conflict owner="vim">
        <text>ctrl pressed V</text>
      </shortcut-conflict>
      <shortcut-conflict owner="vim">
        <text>ctrl pressed B</text>
      </shortcut-conflict>
      <shortcut-conflict owner="vim">
        <text>ctrl pressed R</text>
      </shortcut-conflict>
      <shortcut-conflict owner="vim">
        <text>ctrl pressed H</text>
      </shortcut-conflict>
      <shortcut-conflict owner="vim">
        <text>ctrl pressed I</text>
      </shortcut-conflict>
      <shortcut-conflict owner="vim">
        <text>ctrl pressed N</text>
      </shortcut-conflict>
      <shortcut-conflict owner="vim">
        <text>ctrl pressed G</text>
      </shortcut-conflict>
      <shortcut-conflict owner="vim">
        <text>shift ctrl pressed 6</text>
      </shortcut-conflict>
      <shortcut-conflict owner="vim">
        <text>ctrl pressed 2</text>
      </shortcut-conflict>
    </shortcut-conflicts>
  </component>
</application>