<keymap version="1" name="Default copy" parent="Mac OS X 10.5+">
  <action id="AceAction">
    <keyboard-shortcut first-keystroke="meta j" />
  </action>
  <action id="Build">
    <keyboard-shortcut first-keystroke="ctrl meta b" />
  </action>
  <action id="ChangesView.Diff" />
  <action id="ChooseRunConfiguration" />
  <action id="Clean">
    <keyboard-shortcut first-keystroke="shift meta k" />
  </action>
  <action id="CompareTwoFiles" />
  <action id="Debug">
    <keyboard-shortcut first-keystroke="meta d" />
  </action>
  <action id="Diff.ShowDiff" />
  <action id="EditorDuplicate" />
  <action id="FileChooser.GotoDesktop" />
  <action id="GotoLine" />
  <action id="InsertLiveTemplate" />
  <action id="QuickJavaDoc">
    <keyboard-shortcut first-keystroke="f1" />
    <mouse-shortcut keystroke="control button2" />
  </action>
  <action id="Refresh" />
  <action id="Replace" />
  <action id="Rerun" />
  <action id="Run">
    <keyboard-shortcut first-keystroke="meta r" />
  </action>
  <action id="RunDashboard.CopyConfiguration" />
  <action id="SendEOF" />
  <action id="Stop">
    <keyboard-shortcut first-keystroke="ctrl meta period" />
  </action>
  <action id="Vcs.Log.Refresh" />
  <action id="Vcs.Push" />
  <action id="XDebugger.CopyWatch" />
  <action id="hg4idea.QRefresh" />
  <action id="openAssertEqualsDiff" />
</keymap>